TAB,Ancillary QC VARIABLES,Name,TYPE,SHAPE,UNITS,VALIDMIN,VALIDMAX,FILLVALUE,LONGNAME,FLAGVALUES,AXIS,COORDINATES,CFROLE,SCALEFACTOR,ADDOFFSET,SCALEDTYPE,FLAGMEANINGS,STANDARDNAME,Comment,MISSINGVALUE,POSITIVE,KEYWORDS
,,YR-YEAR,char,station time,,1600,2024,blank,Year,blank,,time alt lat lon,,1,,integer,,,,,,
,,MO-MONTH,char,station time,,1,12,blank,Month,blank,,time alt lat lon,,1,,integer,,,,,,
,,DY-DAY,char,station time,,1,31,blank,Day,blank,,time alt lat lon,,1,,integer,,,,,,
,,HR-HOUR,char,station time,,0,23.99,blank,Hour,blank,,time alt lat lon,,0.01,,double,,,precision: hundredths of hour,,,
,QI20-IMMT_QC_SHIP_POS; LZ-LANDLOCKED_FLAG,LAT-LATITUDE ,char,station time,degrees_north,-90,90,blank,Latitude,blank,,time alt lat lon,,0.01,,double,,latitude,degrees north (+)/south (-),,,
,QI20-IMMT_QC_SHIP_POS; LZ-LANDLOCKED_FLAG,LON-LONGITUDE,char,station time,degrees_east,0,359.99,blank,Longitude,blank,,time alt lat lon,,0.01,,double,,longitude,degrees east,,,
,,IM-IMMA_VER,char,station time,,0,99,blank,IMMA Version,blank,,time alt lat lon,,1,,integer,,,,,,
,,ATTC-ATTACH_COUNT1,char,station time,,0,35,blank,Attachment Count,blank,,time alt lat lon,,1,,integer,,,number of imma attachments,,,
,,TI-TIME_IND,char,station time,,0,3,blank,Time Indicator,blank,,time alt lat lon,,1,,integer,,,incoming precision of time field,,,
,,LI-LATITUDE_LONGITUDE_IND,char,station time,,0,6,blank,Latitude Longitude Indicator,blank,,time alt lat lon,,1,,integer,,,incoming precision of lat/lon fields,,,
,QI17-IMMT_QC_SHIP_COURSE,DS-SHIP_COURSE,char,station time,,0,9,blank,Ship's Course,blank,,time alt lat lon,,1,,integer,,,WMO Code Table 0700,,,
,QI18-IMMT_QC_SHIP_SPEED,VS-SHIP_SPEED,char,station time,,0,9,blank,Ship's Speed,blank,,time alt lat lon,,1,,integer,,,WMO Code Table 4451,,,
,,NID-NATIONAL_SOURCE_IND,char,station time,,0,99,blank,National Source Indicator,blank,,time alt lat lon,,1,,integer,,,,,,
,,II-ID_IND,char,station time,,0,10,blank,Identification Indicator,blank,,time alt lat lon,,1,,integer,,,ID Indicator - call sign; buoy number etc,,,
,,ID-ID ,char,station time,,32,126,blank,Identification,blank,,time alt lat lon,,1,,char,,,Identification,,,
,,C1-COUNTRY_CODE,char,station time,,48,57,blank,Country Code,blank,,time alt lat lon,,1,,char,,,Recruiting country,,,
,,DI-WIND_DIR_IND,char,station time,,0,6,blank,Wind Direction Indicator,0 1 2 3 4 5 6,,time alt lat lon,,1,,integer,36_point_compass 32_point_compass 16_or_36_point_compass 16_or_32_point_compass 8_point_compass 360_point_compass high_resolution_data_eg_tenths_of_degrees,,Compass used and approximate precision of wind direction,,,
,QI4-IMMT_QC_WIND_DIR; UQZ-ADAPTIVE_QC_FLAG_U_WIND; UQA-ADAPTIVE_QC_FLAG_U_WIND;  VQZ-ADAPTIVE_QC_FLAG_V_WIND; VQA-ADAPTIVE_QC_FLAG_V_WIND; UF-TRIMMING_FLAG_U_WIND; VF-TRIMMING_FLAG_V_WIND; WNC-NCDC_QC_FLAG_WIND,D-WIND_DIR ,char,station time,degrees,1,362,blank,Wind Direction,blank,,time alt lat lon,,1,,integer,,wind_from_direction,Wind direction - true degrees,,,Atmosphere > Atmospheric Winds > Surface Winds 
,,WI-WIND_SPD_IND,char,station time,,0,8,blank,Wind Speed Indicator,blank,,time alt lat lon,,1,,integer,,,Units of originally recorded wind speed,,,
,QI5-IMMT_QC_WIND_SPD; UQZ-ADAPTIVE_QC_FLAG_U_WIND; UQA-ADAPTIVE_QC_FLAG_U_WIND;  VQZ-ADAPTIVE_QC_FLAG_V_WIND; VQA-ADAPTIVE_QC_FLAG_V_WIND; UF-TRIMMING_FLAG_U_WIND; VF-TRIMMING_FLAG_V_WIND; WNC-NCDC_QC_FLAG_WIND,W-WIND_SPD ,char,station time,m/s,0,99.9,blank,Wind Speed  ,blank,,time alt lat lon,,0.1,,double,,wind_speed,precision: tenths meter per second,,,Atmosphere > Atmospheric Winds > Surface Winds 
,,VI-VIS_IND,char,station time,,0,2,blank,Visibility Indicator,blank,,time alt lat lon,,1,,integer,,,denotes estimated/measured,,,
,QI2-IMMT_QC_VV; BNC-NCDC_QC_FLAG_VIS,VV-VIS ,char,station time,m,90,99,blank,Visibility,blank,,time alt lat lon,,1,,integer,,visibility_in_air,WMO Code Table 4377 ,,,Atmosphere > Air Quality > Visibility 
,QI9-IMMT_QC_WX; XNC-NCDC_QC_FLAG_PRES_WX,WW-PRES_WEATHER,char,station time,,0,99,blank,Present Weather,blank,,time alt lat lon,,1,,integer,,,WMO Code Table 4677,,,
,QI9-IMMT_QC_WX; YNC-NCDC_QC_FLAG_PAST_WX,W1-PAST_WX,char,station time,,0,9,blank,Past Weather,blank,,time alt lat lon,,1,,integer,,,WMO Code Table 4561,,,
,QI8-IMMT_QC_PRESS; PQZ-ADAPTIVE_QC_FLAG_SLP; PQA-ADAPTIVE_QC_FLAG_SLP; PF-TRIMMING_FLAG_SLP; PNC-NCDC_QC_FLAG_SLP,SLP-SEA_LEVEL_PRESS,char,station time,hPa,870,1074.6,blank,Sea Level Pressure,blank,,time alt lat lon,,0.1,,double,,air_pressure_at_sea_level,precision: tenths hPa,,,Atmosphere > Atmospheric Pressure > Sea Level Pressure 
,QI15-IMMT_QC_CHAR_PPP; TNC-NCDC_QC_FLAG_CHAR_PPP,A-CHAR_PPP,char,station time,,0,8,blank,Characteristics of Pressure Tendency,blank,,time alt lat lon,,1,,integer,,,WMO Code Table 0200,,,
,QI16-IMMT_QC_PRESS_TEND,PPP-PRESS_TEND,char,station time,hPa s-1,0,51,blank,Pressure Tendency,blank,,time alt lat lon,,0.1,,double,,tendency_of_surface_air_pressure,precision: tenths hPa,,,Atmosphere > Atmospheric Pressure > Sea Level Pressure 
,QI6-IMMT_QC_AT,IT-TEMP_IND,char,station time,,0,9,blank,Temperature Indicator,blank,,time alt lat lon,,1,,integer,,,Precision and/or units of original values,,,
,QI6-IMMT_QC_AT; AQZ-ADAPTIVE_QC_FLAG_AT; AQA-ADAPTIVE_QC_FLAG_AT; AF-TRIMMING_FLAG_AT; ANC-NCDC_QC_FLAG_AT,AT-AT_TEMP,char,station time,celsius,-99.9,99.9,blank,Air Temperature,blank,,time alt lat lon,,0.1,,double,,air_temperature,precision: tenths degree celsius,,,Atmosphere > Atmospheric Temperature > Surface Air Temperature 
,QI19-IMMT_QC_WBT; GNC-NCDC_QC_FLAG_WBT,WBTI-WBT_IND,char,station time,,0,3,blank,Wet Bulb Temperature Indicator,blank,,time alt lat lon,,1,,integer,,,Indicates measured/computed and ice bulb conditions,,,
,QI19-IMMT_QC_WBT; GNC-NCDC_QC_FLAG_WBT,WBT-WBT,char,station time,celsius,-99.9,99.9,blank,Wet Bulb Temperature  ,blank,,time alt lat lon,,0.1,,double,,wet_bulb_temperature,precision: tenths degree celsius,,,Atmosphere > Atmospheric Temperature > Air Temperature 
,QI7-IMMT_QC_DPT; DQZ-ADAPTIVE_QC_FLAG_DPT; DQA-ADAPTIVE_QC_FLAG_DPT; DNC-NCDC_QC_FLAG_DPT,DPTI-DPT_IND,char,station time,,0,3,blank,Dew Point Temperature Indicator,blank,,time alt lat lon,,1,,integer,,,Indicates measured/computed and ice bulb conditions,,,
,QI7-IMMT_QC_DPT; DQZ-ADAPTIVE_QC_FLAG_DPT; DQA-ADAPTIVE_QC_FLAG_DPT; DNC-NCDC_QC_FLAG_DPT,DPT-DPT,char,station time,celsius,-99.9,99.9,blank,Dew Point Temperature  ,blank,,time alt lat lon,,0.1,,double,,dew_point_temperature,precision: tenths degree celsius,,,Atmosphere > Atmospheric Temperature > Dew Point Temperature 
,QI10-IMMT_QC_SST,SI-SST_IND,char,station time,,0,12,blank,Sea Surface Temperature Method Indicator,blank,,time alt lat lon,,1,,integer,,,Method by which SST was taken,,,
,QI10-IMMT_QC_SST; SQZ-ADAPTIVE_QC_FLAG_SST; SQA-ADAPTIVE_QC_FLAG_SST; SF-TRIMMING_FLAG_SST; SNC-NCDC_QC_FLAG_SST,SST-SST ,char,station time,celsius,-99.9,99.9,blank,Sea Surface Temperature  ,blank,,time alt lat lon,,0.1,,double,,sea_surface_temperature,precision: tenths degree celsius,,,Oceans > Ocean Temperature > Sea Surface Temperature 
,QI3-IMMT_QC_CLD; CNC-NCDC_QC_FLAG_CLD,N-TTL_CLD_AMT,char,station time,,0,9,blank,Total Cloud Amount,blank,,time alt lat lon,,1,,integer,,cloud_area_fraction,WMO Code Table 2700,,,Atmosphere > Clouds > Cloud Amount/Frequency 
,QI3-IMMT_QC_CLD; CNC-NCDC_QC_FLAG_CLD,NH-LOW_CLD_AMT,char,station time,,0,9,blank,Low Cloud Amount,blank,,time alt lat lon,,1,,integer,,low_type_cloud_area_fraction,WMO Code Table 2700,,,Atmosphere > Clouds > Cloud Amount/Frequency 
,QI3-IMMT_QC_CLD; CNC-NCDC_QC_FLAG_CLD,CL-LOW_CLD_TYPE,char,station time,,0,10,blank,Low Cloud Type,blank,,time alt lat lon,,1,,char,,,WMO Code Table 0513,,,
,QI1-IMMT_QC_H,HI-CLD_HGT_IND,char,station time,,0,1,blank,Cloud Height Indicator,blank,,time alt lat lon,,1,,integer,,,Cloud height indicator - estimated/measured,,,
,QI1-IMMT_QC_H,H-CLD_HGT,char,station time,m,0,10,blank,Cloud Height,blank,,time alt lat lon,,1,,char,,cloud_base_altitude,WMO Code Table 1600,,,Atmosphere > Clouds > Cloud Base 
,QI3-IMMT_QC_CLD; CNC-NCDC_QC_FLAG_CLD,CM-MID_CLD_TYPE,char,station time,,0,10,blank,Middle Cloud Type,blank,,time alt lat lon,,1,,char,,,WMO Code Table 0515,,,
,QI3-IMMT_QC_CLD; CNC-NCDC_QC_FLAG_CLD,CH-HI_CLD_TYPE,char,station time,,0,10,blank,High Cloud Type,blank,,time alt lat lon,,1,,char,,,WMO Code Table 0509,,,
,ENC-NCDC_QC_FLAG_WAVE,WD-WAVE_DIR,char,station time,degree,0,38,blank,Wave Direction,blank,,time alt lat lon,,1,,integer,,sea_surface_wave_from_direction,precision Tens of Degrees following WMO Code Table 0877,,,Oceans > Ocean Waves > Wave Speed/Direction
,QI11-IMMT_QC_WAVE_PER; ENC-NCDC_QC_FLAG_WAVE,WP-WAVE_PER,char,station time,seconds,0,30,blank,Wave Period,blank,,time alt lat lon,,1,,integer,,sea_surface_wind_wave_period,whole seconds,,,Oceans > Ocean Waves > Wave Period 
,QI12-IMMT_QC_WAVE_HGT; ENC-NCDC_QC_FLAG_WAVE,WH-WAVE_HGT,char,station time,m,0,99,blank,Wave Height,blank,,time alt lat lon,,1,,integer,,sea_surface_wind_wave_significant_height,Half meters,,,Oceans > Ocean Waves > Significant Wave Height 
,QI13-IMMT_QC_SWELL; FNC-NCDC_QC_FLAG_SWELL,SD-SWELL_DIR,char,station time,,0,38,blank,Swell Direction,blank,,time alt lat lon,,1,,integer,,,Tens of Degrees following WMO Code Table 0877,,,
,QI13-IMMT_QC_SWELL; FNC-NCDC_QC_FLAG_SWELL,SP-SWELL_PER,char,station time,seconds,0,30,blank,Swell Period,blank,,time alt lat lon,,1,,integer,,sea_surface_swell_wave_period,whole seconds,,,Oceans > Ocean Waves > Swells 
,QI13-IMMT_QC_SWELL; FNC-NCDC_QC_FLAG_SWELL,SH-SWELL_HGT,char,station time,m,0,99,blank,Swell Height,blank,,time alt lat lon,,1,,integer,,sea_surface_swell_wave_significant_height,Half meters,,,Oceans > Ocean Waves > Swells 
,,ATTI-ATTM_IND,char,station time,,1,1,blank,Attachment Indicator,blank,,time alt lat lon,,1,,integer,,,ATTI=1 - Icoads attm Table C1,,,
,,ATTL-ATTM_LEN,char,station time,,65,65,blank,Attachment Length,blank,,time alt lat lon,,1,,integer,,,Attm Length = 65 Characters,,,
,,BSI-BOX_SY_IND,char,station time,,-999999,-999999,blank,Box System Indicator,blank,,time alt lat lon,,1,,integer,,,Unused,,,
,,B10-TEN_BOX_NUM,char,station time,,1,648,blank,Ten Degree Box Number,blank,,time alt lat lon,,1,,integer,,,Ten Degree Box Number,,,
,,B1-ONE_BOX_NUM,char,station time,,0,99,blank,One Degree Box Number,blank,,time alt lat lon,,1,,integer,,,1 Degree Box Number,,,
,,DCK-DECK,char,station time,,0,999,blank,Deck,blank,,time alt lat lon,,1,,integer,,,Number of Deck from which report came (IMMA Table D6a),,,
,,SID-SRC_ID,char,station time,,0,999,blank,Source,blank,,time alt lat lon,,1,,integer,,,Source ID from which report came (IMMA Table D7),,,
,,PT-PLATFORM_ID,char,station time,,0,21,blank,Platform Type Indicator,blank,,time alt lat lon,,1,,integer,,,Type of observing platform,,,
,,DUPS-DUP_STATUS,char,station time,,0,14,blank,Duplicate Status,0 1 2 3 4 5 6 7 8 9 10 11 12 13 14,,time alt lat lon,,1,,integer,unique best_duplicate best_duplicate_with_substitution worse_duplicate_uncertain_weather_element_match_with_hour_cross worse_duplicate_uncertain_weather_element_match_with_no_cross worse_duplicate_uncertain_weather_element_match_with_day_cross worse_duplicate_time_space_match_with_ID_mismatch_unused_until_1950 worse_duplicate_certain_weather_element_match_with_hour_cross worse_duplicate_certain_weather_element_match_with_no_cross worse_duplicate_combined_DUPS_4_and_6 worse_duplicate_combined_DUPS_6_and_8 worse_duplicate_time_space_ID_match worse_duplicate_combined_DUPS_4_and_11 worse_duplicate_combined_DUPS_8_and_11 automatic_data_rejection,,Indicates duplicate status,,,
,,DUPC-DUP_CHK,char,station time,,0,2,blank,Duplicate Check,blank,,time alt lat lon,,1,,integer,,,Indicates matches of slp and or sst between GTS and logbook reports,,,
,,TC-TRK_CHK,char,station time,,0,1,blank,Track Check,blank,,time alt lat lon,,1,,integer,,,Indicates if report tracked or not,,,
,,PB-PRESS_BIAS,char,station time,,0,2,blank,Pressure Bias,blank,,time alt lat lon,,1,,integer,,,Indicates questionable SLP data,,,
,,WX-WAVE_PER_IND,char,station time,,1,1,blank,Wave Period Indicator,blank,,time alt lat lon,,1,,integer,,,Indicates whether converted from code to whole seconds,,,
,,SX-SWELL_PER_IND,char,station time,,1,1,blank,Swell Period Indicator,blank,,time alt lat lon,,1,,integer,,,Indicates whether converted from code to whole seconds,,,
,,C2-CO_CODE_II,char,station time,,0,40,blank,Country Code 2,blank,,time alt lat lon,,1,,integer,,,Country of immediate receipt (possibly differing from C1),,,
,,SQZ-ADAPTIVE_QC_FLAG_SST,char,station time,,1,35,blank,Adaptive QC Flag - SST,1 2 3 4 5 6 7 8 9 10 11 12 13 14 15 16 17 18 19 20 21 22 23 24 25 26 27 28 29 30 31 32 33 34 35,,time alt lat lon,,1,,integer,minus_8.5_sigma minus_8.0_sigma minus_7.5_sigma minus_7.0_sigma minus_6.5_sigma minus_6.0_sigma minus_5.5_sigma minus_5.0_sigma minus_4.5_sigma minus_4.0_sigma minus_3.5_sigma minus_3.0_sigma minus_2.5_sigma minus_2.0_sigma minus_1.5_sigma minus_1.0_sigma minus_0.5_sigma 0_sigma 0.5_sigma 1.0_sigma 1.5_sigma 2.0_sigma 2.5_sigma 3.0_sigma 3.5_sigma 4.0_sigma 4.5_sigma 5.0_sigma 5.5_sigma 6.0_sigma 6.5_sigma 7.0_sigma 7.5_sigma 8.0_sigma 8.5_sigma,,QC SST http://icoads.noaa.gov/images/aqc_tab1.gif,,,
,,SQA-ADAPTIVE_QC_FLAG_SST,char,station time,,1,21,blank,Adaptive QC Flag - SST,blank,,time alt lat lon,,1,,integer,,,QC SST,,,
,,AQZ-ADAPTIVE_QC_FLAG_AT,char,station time,,1,35,blank,Adaptive QC Flag - Air Temperature,1 2 3 4 5 6 7 8 9 10 11 12 13 14 15 16 17 18 19 20 21 22 23 24 25 26 27 28 29 30 31 32 33 34 35,,time alt lat lon,,1,,integer,minus_8.5_sigma minus_8.0_sigma minus_7.5_sigma minus_7.0_sigma minus_6.5_sigma minus_6.0_sigma minus_5.5_sigma minus_5.0_sigma minus_4.5_sigma minus_4.0_sigma minus_3.5_sigma minus_3.0_sigma minus_2.5_sigma minus_2.0_sigma minus_1.5_sigma minus_1.0_sigma minus_0.5_sigma 0_sigma 0.5_sigma 1.0_sigma 1.5_sigma 2.0_sigma 2.5_sigma 3.0_sigma 3.5_sigma 4.0_sigma 4.5_sigma 5.0_sigma 5.5_sigma 6.0_sigma 6.5_sigma 7.0_sigma 7.5_sigma 8.0_sigma 8.5_sigma,,QC Air Temp http://icoads.noaa.gov/images/aqc_tab1.gif,,,
,,AQA-ADAPTIVE_QC_FLAG_AT,char,station time,,1,21,blank,Adaptive QC Flag - Air Temperature,blank,,time alt lat lon,,1,,integer,,,QC Air Temp,,,
,,UQZ-ADAPTIVE_QC_FLAG_U_WIND,char,station time,,1,35,blank,Adaptive QC Flag - U Wind Component,1 2 3 4 5 6 7 8 9 10 11 12 13 14 15 16 17 18 19 20 21 22 23 24 25 26 27 28 29 30 31 32 33 34 35,,time alt lat lon,,1,,integer,minus_8.5_sigma minus_8.0_sigma minus_7.5_sigma minus_7.0_sigma minus_6.5_sigma minus_6.0_sigma minus_5.5_sigma minus_5.0_sigma minus_4.5_sigma minus_4.0_sigma minus_3.5_sigma minus_3.0_sigma minus_2.5_sigma minus_2.0_sigma minus_1.5_sigma minus_1.0_sigma minus_0.5_sigma 0_sigma 0.5_sigma 1.0_sigma 1.5_sigma 2.0_sigma 2.5_sigma 3.0_sigma 3.5_sigma 4.0_sigma 4.5_sigma 5.0_sigma 5.5_sigma 6.0_sigma 6.5_sigma 7.0_sigma 7.5_sigma 8.0_sigma 8.5_sigma,,QC U Wind http://icoads.noaa.gov/images/aqc_tab1.gif,,,
,,UQA-ADAPTIVE_QC_FLAG_U_WIND,char,station time,,1,21,blank,Adaptive QC Flag - U Wind Component,blank,,time alt lat lon,,1,,integer,,,QC U Wind,,,
,,VQZ-ADAPTIVE_QC_FLAG_V_WIND,char,station time,,1,35,blank,Adaptive QC Flag - V Wind Component,1 2 3 4 5 6 7 8 9 10 11 12 13 14 15 16 17 18 19 20 21 22 23 24 25 26 27 28 29 30 31 32 33 34 35,,time alt lat lon,,1,,integer,minus_8.5_sigma minus_8.0_sigma minus_7.5_sigma minus_7.0_sigma minus_6.5_sigma minus_6.0_sigma minus_5.5_sigma minus_5.0_sigma minus_4.5_sigma minus_4.0_sigma minus_3.5_sigma minus_3.0_sigma minus_2.5_sigma minus_2.0_sigma minus_1.5_sigma minus_1.0_sigma minus_0.5_sigma 0_sigma 0.5_sigma 1.0_sigma 1.5_sigma 2.0_sigma 2.5_sigma 3.0_sigma 3.5_sigma 4.0_sigma 4.5_sigma 5.0_sigma 5.5_sigma 6.0_sigma 6.5_sigma 7.0_sigma 7.5_sigma 8.0_sigma 8.5_sigma,,QC V Wind http://icoads.noaa.gov/images/aqc_tab1.gif,,,
,,VQA-ADAPTIVE_QC_FLAG_V_WIND,char,station time,,1,21,blank,Adaptive QC Flag - V Wind Component,blank,,time alt lat lon,,1,,integer,,,QC V Wind,,,
,,PQZ-ADAPTIVE_QC_FLAG_SLP,char,station time,,1,35,blank,Adaptive QC Flag - Sea Leve Pressure,1 2 3 4 5 6 7 8 9 10 11 12 13 14 15 16 17 18 19 20 21 22 23 24 25 26 27 28 29 30 31 32 33 34 35,,time alt lat lon,,1,,integer,minus_8.5_sigma minus_8.0_sigma minus_7.5_sigma minus_7.0_sigma minus_6.5_sigma minus_6.0_sigma minus_5.5_sigma minus_5.0_sigma minus_4.5_sigma minus_4.0_sigma minus_3.5_sigma minus_3.0_sigma minus_2.5_sigma minus_2.0_sigma minus_1.5_sigma minus_1.0_sigma minus_0.5_sigma 0_sigma 0.5_sigma 1.0_sigma 1.5_sigma 2.0_sigma 2.5_sigma 3.0_sigma 3.5_sigma 4.0_sigma 4.5_sigma 5.0_sigma 5.5_sigma 6.0_sigma 6.5_sigma 7.0_sigma 7.5_sigma 8.0_sigma 8.5_sigma,,QC SLP http://icoads.noaa.gov/images/aqc_tab1.gif,,,
,,PQA-ADAPTIVE_QC_FLAG_SLP,char,station time,,1,21,blank,Adaptive QC Flag - Sea Leve Pressure,blank,,time alt lat lon,,1,,integer,,,QC SLP,,,
,,DQZ-ADAPTIVE_QC_FLAG_DPT,char,station time,,1,35,blank,Adaptive QC Flag - Dew Point Temperature,1 2 3 4 5 6 7 8 9 10 11 12 13 14 15 16 17 18 19 20 21 22 23 24 25 26 27 28 29 30 31 32 33 34 35,,time alt lat lon,,1,,integer,minus_8.5_sigma minus_8.0_sigma minus_7.5_sigma minus_7.0_sigma minus_6.5_sigma minus_6.0_sigma minus_5.5_sigma minus_5.0_sigma minus_4.5_sigma minus_4.0_sigma minus_3.5_sigma minus_3.0_sigma minus_2.5_sigma minus_2.0_sigma minus_1.5_sigma minus_1.0_sigma minus_0.5_sigma 0_sigma 0.5_sigma 1.0_sigma 1.5_sigma 2.0_sigma 2.5_sigma 3.0_sigma 3.5_sigma 4.0_sigma 4.5_sigma 5.0_sigma 5.5_sigma 6.0_sigma 6.5_sigma 7.0_sigma 7.5_sigma 8.0_sigma 8.5_sigma,,QC DPT http://icoads.noaa.gov/images/aqc_tab1.gif,,,
,,DQA-ADAPTIVE_QC_FLAG_DPT,char,station time,,1,21,blank,Adaptive QC Flag - Dew Point Temperature,blank,,time alt lat lon,,1,,integer,,,QC DPT,,,
,,ND-NIGHT_DAY_FLAG,char,station time,,1,2,blank,Night/Day Flag,1 2,,time alt lat lon,,1,,integer,report_time_is_local_nighttime report_time_is_local_daytime,,Indicates if report taken during day or night,,,
,,SF-TRIMMING_FLAG_SST,char,station time,,1,15,blank,Trimming Flag - SST,1 2 3 4 5 6 7 11 12 13 14 15,,time alt lat lon,,1,,integer,within_plus_minus_2.8_sigma minus_3.5_sigma_to_minus_2.8_sigma 2.8_sigma_to_3.5_sigma minus_4.5_sigma_to_minus_3.5_sigma 3.5_sigma_to_4.5_sigma less_than_minus_4.5_sigma greater_than_4.5_sigma limits_missing_ocean_coastal_box_MEDS_data_correct limits_missing_ocean_coastal_box landlocked_2_degree_box data_unusable_SF_AF_PF_only data_missing_or_uncomputable,,QC/Trimming flag SST http://icoads.noaa.gov/e-doc/stat_trim,,,
,,AF-TRIMMING_FLAG_AT,char,station time,,1,15,blank,Trimming Flag - Air Temperature,1 2 3 4 5 6 7 11 12 13 14 15,,time alt lat lon,,1,,integer,within_plus_minus_2.8_sigma minus_3.5_sigma_to_minus_2.8_sigma 2.8_sigma_to_3.5_sigma minus_4.5_sigma_to_minus_3.5_sigma 3.5_sigma_to_4.5_sigma less_than_minus_4.5_sigma greater_than_4.5_sigma limits_missing_ocean_coastal_box_MEDS_data_correct limits_missing_ocean_coastal_box landlocked_2_degree_box data_unusable_SF_AF_PF_only data_missing_or_uncomputable,,QC/Trimming flag Air Temp http://icoads.noaa.gov/e-doc/stat_trim,,,
,,UF-TRIMMING_FLAG_U_WIND,char,station time,,1,15,blank,Trimming Flag - U Wind Component,1 2 3 4 5 6 7 11 12 13 14 15,,time alt lat lon,,1,,integer,within_plus_minus_2.8_sigma minus_3.5_sigma_to_minus_2.8_sigma 2.8_sigma_to_3.5_sigma minus_4.5_sigma_to_minus_3.5_sigma 3.5_sigma_to_4.5_sigma less_than_minus_4.5_sigma greater_than_4.5_sigma limits_missing_ocean_coastal_box_MEDS_data_correct limits_missing_ocean_coastal_box landlocked_2_degree_box data_unusable_SF_AF_PF_only data_missing_or_uncomputable,,QC/Trimming flag U Wind http://icoads.noaa.gov/e-doc/stat_trim,,,
,,VF-TRIMMING_FLAG_V_WIND,char,station time,,1,15,blank,Trimming Flag - V Wind Component,1 2 3 4 5 6 7 11 12 13 14 15,,time alt lat lon,,1,,integer,within_plus_minus_2.8_sigma minus_3.5_sigma_to_minus_2.8_sigma 2.8_sigma_to_3.5_sigma minus_4.5_sigma_to_minus_3.5_sigma 3.5_sigma_to_4.5_sigma less_than_minus_4.5_sigma greater_than_4.5_sigma limits_missing_ocean_coastal_box_MEDS_data_correct limits_missing_ocean_coastal_box landlocked_2_degree_box data_unusable_SF_AF_PF_only data_missing_or_uncomputable,,QC/Trimming flag V Wind http://icoads.noaa.gov/e-doc/stat_trim,,,
,,PF-TRIMMING_FLAG_SLP,char,station time,,1,15,blank,Trimming Flag - Sea Level Pressure,1 2 3 4 5 6 7 11 12 13 14 15,,time alt lat lon,,1,,integer,within_plus_minus_2.8_sigma minus_3.5_sigma_to_minus_2.8_sigma 2.8_sigma_to_3.5_sigma minus_4.5_sigma_to_minus_3.5_sigma 3.5_sigma_to_4.5_sigma less_than_minus_4.5_sigma greater_than_4.5_sigma limits_missing_ocean_coastal_box_MEDS_data_correct limits_missing_ocean_coastal_box landlocked_2_degree_box data_unusable_SF_AF_PF_only data_missing_or_uncomputable,,QC/Trimming flag SLP http://icoads.noaa.gov/e-doc/stat_trim,,,
,,RF-TRIMMING_FLAG_RH,char,station time,,1,15,blank,Trimming Flag - Relative Humidity,1 2 3 4 5 6 7 11 12 13 14 15,,time alt lat lon,,1,,integer,within_plus_minus_2.8_sigma minus_3.5_sigma_to_minus_2.8_sigma 2.8_sigma_to_3.5_sigma minus_4.5_sigma_to_minus_3.5_sigma 3.5_sigma_to_4.5_sigma less_than_minus_4.5_sigma greater_than_4.5_sigma limits_missing_ocean_coastal_box_MEDS_data_correct limits_missing_ocean_coastal_box landlocked_2_degree_box data_unusable_SF_AF_PF_only data_missing_or_uncomputable,,QC/Trimming flag Relative Humidity http://icoads.noaa.gov/e-doc/stat_trim,,,
,,ZNC-NCDC_QC_FLAG_REPORT_STATUS,char,station time,,1,10,blank,NCDC QC Flags - Full Report,1 2 3 4 5 6 7 8 9 10,,time alt lat lon,,1,,integer,correct correctable_legality correctable_internal_consistency suspect_internal_consistency suspect_time suspect_extreme_outside_plus_minus_4.8_sigma erroneous_legality erroneous_internal_consistency erroneous_outside_plus_minus_5.8_sigma missing,,NCDC QC Flags - Full Report Table J0-2 http://icoads.noaa.gov/Release_1/suppJ.html,,,
,,WNC-NCDC_QC_FLAG_WIND,char,station time,,1,10,blank,NCDC QC Flags - Wind,1 2 3 4 5 6 7 8 9 10,,time alt lat lon,,1,,integer,correct correctable_legality correctable_internal_consistency suspect_internal_consistency suspect_time suspect_extreme_outside_plus_minus_4.8_sigma erroneous_legality erroneous_internal_consistency erroneous_outside_plus_minus_5.8_sigma missing,,NCDC QC Flags - Wind Table J0-2 http://icoads.noaa.gov/Release_1/suppJ.html,,,
,,BNC-NCDC_QC_FLAG_VIS,char,station time,,1,10,blank,NCDC QC Flags - Visibility,1 2 3 4 5 6 7 8 9 10,,time alt lat lon,,1,,integer,correct correctable_legality correctable_internal_consistency suspect_internal_consistency suspect_time suspect_extreme_outside_plus_minus_4.8_sigma erroneous_legality erroneous_internal_consistency erroneous_outside_plus_minus_5.8_sigma missing,,NCDC QC Flags - Visibility Table J0-2 http://icoads.noaa.gov/Release_1/suppJ.html,,,
,,XNC-NCDC_QC_FLAG_PRES_WX,char,station time,,1,10,blank,NCDC QC Flags - Present Wx,1 2 3 4 5 6 7 8 9 10,,time alt lat lon,,1,,integer,correct correctable_legality correctable_internal_consistency suspect_internal_consistency suspect_time suspect_extreme_outside_plus_minus_4.8_sigma erroneous_legality erroneous_internal_consistency erroneous_outside_plus_minus_5.8_sigma missing,,NCDC QC Flags - Present Wx Table J0-2 http://icoads.noaa.gov/Release_1/suppJ.html,,,
,,YNC-NCDC_QC_FLAG_PAST_WX,char,station time,,1,10,blank,NCDC QC Flags - Past Wx,1 2 3 4 5 6 7 8 9 10,,time alt lat lon,,1,,integer,correct correctable_legality correctable_internal_consistency suspect_internal_consistency suspect_time suspect_extreme_outside_plus_minus_4.8_sigma erroneous_legality erroneous_internal_consistency erroneous_outside_plus_minus_5.8_sigma missing,,NCDC QC Flags - Past Wx Table J0-2 http://icoads.noaa.gov/Release_1/suppJ.html,,,
,,PNC-NCDC_QC_FLAG_SLP,char,station time,,1,10,blank,NCDC QC Flags - SLP,1 2 3 4 5 6 7 8 9 10,,time alt lat lon,,1,,integer,correct correctable_legality correctable_internal_consistency suspect_internal_consistency suspect_time suspect_extreme_outside_plus_minus_4.8_sigma erroneous_legality erroneous_internal_consistency erroneous_outside_plus_minus_5.8_sigma missing,,NCDC QC Flags - SLP Table J0-2 http://icoads.noaa.gov/Release_1/suppJ.html,,,
,,ANC-NCDC_QC_FLAG_AT,char,station time,,1,10,blank,NCDC QC Flags - Air Temp,1 2 3 4 5 6 7 8 9 10,,time alt lat lon,,1,,integer,correct correctable_legality correctable_internal_consistency suspect_internal_consistency suspect_time suspect_extreme_outside_plus_minus_4.8_sigma erroneous_legality erroneous_internal_consistency erroneous_outside_plus_minus_5.8_sigma missing,,NCDC QC Flags - Air Temp Table J0-2 http://icoads.noaa.gov/Release_1/suppJ.html,,,
,,GNC-NCDC_QC_FLAG_WBT,char,station time,,1,10,blank,NCDC QC Flags - Wet Bulb,1 2 3 4 5 6 7 8 9 10,,time alt lat lon,,1,,integer,correct correctable_legality correctable_internal_consistency suspect_internal_consistency suspect_time suspect_extreme_outside_plus_minus_4.8_sigma erroneous_legality erroneous_internal_consistency erroneous_outside_plus_minus_5.8_sigma missing,,NCDC QC Flags - Wet Bulb Table J0-2 http://icoads.noaa.gov/Release_1/suppJ.html,,,
,,DNC-NCDC_QC_FLAG_DPT,char,station time,,1,10,blank,NCDC QC Flags - Dew Point,1 2 3 4 5 6 7 8 9 10,,time alt lat lon,,1,,integer,correct correctable_legality correctable_internal_consistency suspect_internal_consistency suspect_time suspect_extreme_outside_plus_minus_4.8_sigma erroneous_legality erroneous_internal_consistency erroneous_outside_plus_minus_5.8_sigma missing,,NCDC QC Flags - Dew Point Table J0-2 http://icoads.noaa.gov/Release_1/suppJ.html,,,
,,SNC-NCDC_QC_FLAG_SST,char,station time,,1,10,blank,NCDC QC Flags - SST,1 2 3 4 5 6 7 8 9 10,,time alt lat lon,,1,,integer,correct correctable_legality correctable_internal_consistency suspect_internal_consistency suspect_time suspect_extreme_outside_plus_minus_4.8_sigma erroneous_legality erroneous_internal_consistency erroneous_outside_plus_minus_5.8_sigma missing,,NCDC QC Flags - SST Table J0-2 http://icoads.noaa.gov/Release_1/suppJ.html,,,
,,CNC-NCDC_QC_FLAG_CLD,char,station time,,1,10,blank,NCDC QC Flags - Clouds,1 2 3 4 5 6 7 8 9 10,,time alt lat lon,,1,,integer,correct correctable_legality correctable_internal_consistency suspect_internal_consistency suspect_time suspect_extreme_outside_plus_minus_4.8_sigma erroneous_legality erroneous_internal_consistency erroneous_outside_plus_minus_5.8_sigma missing,,NCDC QC Flags - Clouds Table J0-2 http://icoads.noaa.gov/Release_1/suppJ.html,,,
,,ENC-NCDC_QC_FLAG_WAVE,char,station time,,1,10,blank,NCDC QC Flags - Wind Waves,1 2 3 4 5 6 7 8 9 10,,time alt lat lon,,1,,integer,correct correctable_legality correctable_internal_consistency suspect_internal_consistency suspect_time suspect_extreme_outside_plus_minus_4.8_sigma erroneous_legality erroneous_internal_consistency erroneous_outside_plus_minus_5.8_sigma missing,,NCDC QC Flags - Wind Waves Table J0-2 http://icoads.noaa.gov/Release_1/suppJ.html,,,
,,FNC-NCDC_QC_FLAG_SWELL,char,station time,,1,10,blank,NCDC QC Flags - Swells,1 2 3 4 5 6 7 8 9 10,,time alt lat lon,,1,,integer,correct correctable_legality correctable_internal_consistency suspect_internal_consistency suspect_time suspect_extreme_outside_plus_minus_4.8_sigma erroneous_legality erroneous_internal_consistency erroneous_outside_plus_minus_5.8_sigma missing,,NCDC QC Flags - Swells Table J0-2 http://icoads.noaa.gov/Release_1/suppJ.html,,,
,,TNC-NCDC_QC_FLAG_CHAR_PPP,char,station time,,1,10,blank,NCDC QC Flags - Character of Pressure Tendency,1 2 3 4 5 6 7 8 9 10,,time alt lat lon,,1,,integer,correct correctable_legality correctable_internal_consistency suspect_internal_consistency suspect_time suspect_extreme_outside_plus_minus_4.8_sigma erroneous_legality erroneous_internal_consistency erroneous_outside_plus_minus_5.8_sigma missing,,NCDC QC Flags - Character of Pressure Tendency Table J0-2 http://icoads.noaa.gov/Release_1/suppJ.html,,,
,,QCE-EXTERNAL_QC_FLAG,char,station time,,0,63,blank,Externally Provided QC Flags,,,time alt lat lon,,1,,integer,,,Externally provided QC flags - source dependent,,,
,,LZ-LANDLOCKED_FLAG,char,station time,,1,1,blank,Landlocked Flag,1,,time alt lat lon,,1,,integer,report_over_land,,Indicates report taken over land,,,
,,QCZ-SOURCE_EXCL_FLAG,char,station time,,0,31,blank,Source Exclusion Flag,1,,time alt lat lon,,1,,integer,data_automatically_disqualified_from_statistics,,Indicates report retained in cases of duplicates,,,
,,ATTI-ATTM_IND2,char,station time,,5,5,blank,Attachment Indicator 2,blank,,time alt lat lon,,1,,integer,,,ATTI=5 - Immt attm,,,
,,ATTL-ATTM_LEN2,char,station time,,94,94,blank,Attachment Length 2,blank,,time alt lat lon,,1,,integer,,,Attm Length = 94 Characters,,,
,,OS-OB_SOURCE,char,station time,,0,6,blank,Observation Source,blank,,time alt lat lon,,1,,integer,,,Observation Source (logbook; publication; gts etc),,,
,,OP-OB_PLATFORM,char,station time,,0,9,blank,Observation Platform,blank,,time alt lat lon,,1,,integer,,,Observation Platform (ship; buoy etc),,,
,,FM-FM_CODE_VER,char,station time,,0,35,blank,FM SHIP Code Version,blank,,time alt lat lon,,1,,char,,,WMO GTS FM SHIP Code Version #,,,
,,IMMV-IMMT_VER,char,station time,,0,35,blank,IMMT Version,blank,,time alt lat lon,,1,,char,,,Version of IMMT format,,,
,,IX-WX_IND,char,station time,,1,7,blank,Weather Indicator,blank,,time alt lat lon,,1,,integer,,,WMO Code Table 1860,,,
,QI9-IMMT_QC_WX,W2-PAST_WX2,char,station time,,0,9,blank,Past Weather 2,blank,,time alt lat lon,,1,,integer,,,WMO Code Table 4561,,,
,,WMI-WAVE_MEAS_IND,char,station time,,0,9,blank,Wave Measurement Indicator,blank,,time alt lat lon,,1,,integer,,,Indicator for wave measurement,,,
,QI13-IMMT_QC_SWELL,SD2-DIR_OF_SWELL2,char,station time,,0,38,blank,Swell Direction 2,blank,,time alt lat lon,,1,,integer,,,Tens of Degrees following WMO Code Table 0877,,,
,QI13-IMMT_QC_SWELL,SP2-PER_OF_SWELL2,char,station time,,0,30,blank,Swell Period 2,blank,,time alt lat lon,,1,,integer,,sea_surface_swell_wave_period,whole seconds,,,Oceans > Ocean Waves > Swells 
,QI13-IMMT_QC_SWELL,SH2-HGT_OF_SWELL2,char,station time,,0,99,blank,Swell Height 2,blank,,time alt lat lon,,1,,integer,,sea_surface_swell_wave_significant_height,Half meters,,,Oceans > Ocean Waves > Swells 
,,IS-ICE_ACCR_SHIP,char,station time,,1,5,blank,Ice Accretion On Ship,blank,,time alt lat lon,,1,,integer,,,WMO Code Table 1751,,,
,,ES-THICKNESS_ICE_ACCR_SHIP,char,station time,cm,0,99,blank,Thickness of Ice Accretion On Ship,blank,,time alt lat lon,,1,,integer,,,centimeters,,,
,,RS-RATE_ICE_ACCR_SHIP,char,station time,,0,4,blank,Rate of Ice Accretion on Ship,blank,,time alt lat lon,,1,,integer,,,WMO Code Table 3551,,,
,,IC1-CONCEN_OF_SEA_ICE,char,station time,,0,10,blank,Concentration of Sea Ice,blank,,time alt lat lon,,1,,char,,,WMO Code Table 0639,,,
,,IC2-STG_OF_DEVEL,char,station time,,0,10,blank,Stage of Development of Sea Ice,blank,,time alt lat lon,,1,,char,,,WMO Code Table 3739,,,
,,IC3-ICE_OF_LAND_ORIGIN,char,station time,,0,10,blank,Ice of Land Origin,blank,,time alt lat lon,,1,,char,,,WMO Code Table 0439,,,
,,IC4-TRUE_BEARING_ICE_EDGE,char,station time,,0,10,blank,Ice Edge Bearing,blank,,time alt lat lon,,1,,char,,,WMO Code Table 0739,,,
,,IC5-ICE_TREND,char,station time,,0,10,blank,Ice trend,blank,,time alt lat lon,,1,,char,,,WMO Code Table 5239,,,
,QI14-IMMT_QC_PRECIP,IR-IND_FOR_PRECIP,char,station time,,0,4,blank,Precipitation Indicator,blank,,time alt lat lon,,1,,integer,,,WMO Code Table 1819,,,
,QI14-IMMT_QC_PRECIP,RRR-PRECIP_AMT,char,station time,,0,999,blank,Precipitation Amount,blank,,time alt lat lon,,1,,integer,,,WMO Code Table 3590,,,
,QI14-IMMT_QC_PRECIP,TR-DUR_OF_PRECIP,char,station time,,1,9,blank,Duration of Precipitation,blank,,time alt lat lon,,1,,integer,,,WMO Code Table 4019,,,
,,NU-NATIONAL_USE,char,station time,,32,126,blank,National Use,blank,,time alt lat lon,,1,,char,,,,,,
,,QCI-QC_IND,char,station time,,0,9,blank,QC Indicator,blank,,time alt lat lon,,1,,integer,,,Minimum Quality Control Standards Indicator (none;  automated; manual; etc),,,
,,QI1-IMMT_QC_H,char,station time,,0,9,blank,QC Flag - height of clouds ,0 1 2 3 4 5 6 7 8 9,,time alt lat lon,,1,,integer,no_qc_performed element_appears_correct element_appears_incosistent_with_other_elements element_appears_doubtful element_appears_erroneous element_changed_possibly_to_missing_as_a_result_of_QC element_flagged_by_CM_as_correct_but_according_to_MQCS_still_appears_suspect_or_missing element_flagged_by_CM_as_changed_but_according_to_MQCS_still_appears_suspect reserved element_is_missing,,QC Flag - height of clouds ,,,
,,QI2-IMMT_QC_VV,char,station time,,0,9,blank,QC Flag - visibility,0 1 2 3 4 5 6 7 8 9,,time alt lat lon,,1,,integer,no_qc_performed element_appears_correct element_appears_incosistent_with_other_elements element_appears_doubtful element_appears_erroneous element_changed_possibly_to_missing_as_a_result_of_QC element_flagged_by_CM_as_correct_but_according_to_MQCS_still_appears_suspect_or_missing element_flagged_by_CM_as_changed_but_according_to_MQCS_still_appears_suspect reserved element_is_missing,,QC Flag - visibility,,,
,,QI3-IMMT_QC_CLD,char,station time,,0,9,blank,QC Flag - clouds ,0 1 2 3 4 5 6 7 8 9,,time alt lat lon,,1,,integer,no_qc_performed element_appears_correct element_appears_incosistent_with_other_elements element_appears_doubtful element_appears_erroneous element_changed_possibly_to_missing_as_a_result_of_QC element_flagged_by_CM_as_correct_but_according_to_MQCS_still_appears_suspect_or_missing element_flagged_by_CM_as_changed_but_according_to_MQCS_still_appears_suspect reserved element_is_missing,,QC Flag - clouds ,,,
,,QI4-IMMT_QC_WIND_DIR,char,station time,,0,9,blank,QC Flag - wind direction,0 1 2 3 4 5 6 7 8 9,,time alt lat lon,,1,,integer,no_qc_performed element_appears_correct element_appears_incosistent_with_other_elements element_appears_doubtful element_appears_erroneous element_changed_possibly_to_missing_as_a_result_of_QC element_flagged_by_CM_as_correct_but_according_to_MQCS_still_appears_suspect_or_missing element_flagged_by_CM_as_changed_but_according_to_MQCS_still_appears_suspect reserved element_is_missing,,QC Flag - wind direction,,,
,,QI5-IMMT_QC_WIND_SPD,char,station time,,0,9,blank,QC Flag - wind speed,0 1 2 3 4 5 6 7 8 9,,time alt lat lon,,1,,integer,no_qc_performed element_appears_correct element_appears_incosistent_with_other_elements element_appears_doubtful element_appears_erroneous element_changed_possibly_to_missing_as_a_result_of_QC element_flagged_by_CM_as_correct_but_according_to_MQCS_still_appears_suspect_or_missing element_flagged_by_CM_as_changed_but_according_to_MQCS_still_appears_suspect reserved element_is_missing,,QC Flag - wind speed,,,
,,QI6-IMMT_QC_AT,char,station time,,0,9,blank,QC Flag - air temperature,0 1 2 3 4 5 6 7 8 9,,time alt lat lon,,1,,integer,no_qc_performed element_appears_correct element_appears_incosistent_with_other_elements element_appears_doubtful element_appears_erroneous element_changed_possibly_to_missing_as_a_result_of_QC element_flagged_by_CM_as_correct_but_according_to_MQCS_still_appears_suspect_or_missing element_flagged_by_CM_as_changed_but_according_to_MQCS_still_appears_suspect reserved element_is_missing,,QC Flag - air temperature,,,
,,QI7-IMMT_QC_DPT,char,station time,,0,9,blank,QC Flag - dew point temperature,0 1 2 3 4 5 6 7 8 9,,time alt lat lon,,1,,integer,no_qc_performed element_appears_correct element_appears_incosistent_with_other_elements element_appears_doubtful element_appears_erroneous element_changed_possibly_to_missing_as_a_result_of_QC element_flagged_by_CM_as_correct_but_according_to_MQCS_still_appears_suspect_or_missing element_flagged_by_CM_as_changed_but_according_to_MQCS_still_appears_suspect reserved element_is_missing,,QC Flag - dew point temperature,,,
,,QI8-IMMT_QC_PRESS,char,station time,,0,9,blank,QC Flag - air pressure,0 1 2 3 4 5 6 7 8 9,,time alt lat lon,,1,,integer,no_qc_performed element_appears_correct element_appears_incosistent_with_other_elements element_appears_doubtful element_appears_erroneous element_changed_possibly_to_missing_as_a_result_of_QC element_flagged_by_CM_as_correct_but_according_to_MQCS_still_appears_suspect_or_missing element_flagged_by_CM_as_changed_but_according_to_MQCS_still_appears_suspect reserved element_is_missing,,QC Flag - air pressure,,,
,,QI9-IMMT_QC_WX,char,station time,,0,9,blank,QC Flag - weather,0 1 2 3 4 5 6 7 8 9,,time alt lat lon,,1,,integer,no_qc_performed element_appears_correct element_appears_incosistent_with_other_elements element_appears_doubtful element_appears_erroneous element_changed_possibly_to_missing_as_a_result_of_QC element_flagged_by_CM_as_correct_but_according_to_MQCS_still_appears_suspect_or_missing element_flagged_by_CM_as_changed_but_according_to_MQCS_still_appears_suspect reserved element_is_missing,,QC Flag - weather,,,
,,QI10-IMMT_QC_SST,char,station time,,0,9,blank,QC Flag - sea surface temperature,0 1 2 3 4 5 6 7 8 9,,time alt lat lon,,1,,integer,no_qc_performed element_appears_correct element_appears_incosistent_with_other_elements element_appears_doubtful element_appears_erroneous element_changed_possibly_to_missing_as_a_result_of_QC element_flagged_by_CM_as_correct_but_according_to_MQCS_still_appears_suspect_or_missing element_flagged_by_CM_as_changed_but_according_to_MQCS_still_appears_suspect reserved element_is_missing,,QC Flag - sea surface temperature,,,
,,QI11-IMMT_QC_WAVE_PER,char,station time,,0,9,blank,QC Flag - period of wind waves,0 1 2 3 4 5 6 7 8 9,,time alt lat lon,,1,,integer,no_qc_performed element_appears_correct element_appears_incosistent_with_other_elements element_appears_doubtful element_appears_erroneous element_changed_possibly_to_missing_as_a_result_of_QC element_flagged_by_CM_as_correct_but_according_to_MQCS_still_appears_suspect_or_missing element_flagged_by_CM_as_changed_but_according_to_MQCS_still_appears_suspect reserved element_is_missing,,QC Flag - period of wind waves,,,
,,QI12-IMMT_QC_WAVE_HGT,char,station time,,0,9,blank,QC Flag - height of wind waves,0 1 2 3 4 5 6 7 8 9,,time alt lat lon,,1,,integer,no_qc_performed element_appears_correct element_appears_incosistent_with_other_elements element_appears_doubtful element_appears_erroneous element_changed_possibly_to_missing_as_a_result_of_QC element_flagged_by_CM_as_correct_but_according_to_MQCS_still_appears_suspect_or_missing element_flagged_by_CM_as_changed_but_according_to_MQCS_still_appears_suspect reserved element_is_missing,,QC Flag - height of wind waves,,,
,,QI13-IMMT_QC_SWELL,char,station time,,0,9,blank,QC Flag - swell,0 1 2 3 4 5 6 7 8 9,,time alt lat lon,,1,,integer,no_qc_performed element_appears_correct element_appears_incosistent_with_other_elements element_appears_doubtful element_appears_erroneous element_changed_possibly_to_missing_as_a_result_of_QC element_flagged_by_CM_as_correct_but_according_to_MQCS_still_appears_suspect_or_missing element_flagged_by_CM_as_changed_but_according_to_MQCS_still_appears_suspect reserved element_is_missing,,QC Flag - swell,,,
,,QI14-IMMT_QC_PRECIP,char,station time,,0,9,blank,QC Flag - precipitation,0 1 2 3 4 5 6 7 8 9,,time alt lat lon,,1,,integer,no_qc_performed element_appears_correct element_appears_incosistent_with_other_elements element_appears_doubtful element_appears_erroneous element_changed_possibly_to_missing_as_a_result_of_QC element_flagged_by_CM_as_correct_but_according_to_MQCS_still_appears_suspect_or_missing element_flagged_by_CM_as_changed_but_according_to_MQCS_still_appears_suspect reserved element_is_missing,,QC Flag - precipitation,,,
,,QI15-IMMT_QC_CHAR_PPP,char,station time,,0,9,blank,QC Flag - characteristic of pressure tendency,0 1 2 3 4 5 6 7 8 9,,time alt lat lon,,1,,integer,no_qc_performed element_appears_correct element_appears_incosistent_with_other_elements element_appears_doubtful element_appears_erroneous element_changed_possibly_to_missing_as_a_result_of_QC element_flagged_by_CM_as_correct_but_according_to_MQCS_still_appears_suspect_or_missing element_flagged_by_CM_as_changed_but_according_to_MQCS_still_appears_suspect reserved element_is_missing,,QC Flag - characteristic of pressure tendency,,,
,,QI16-IMMT_QC_PRESS_TEND,char,station time,,0,9,blank,QC Flag - amount of pressure tendency,0 1 2 3 4 5 6 7 8 9,,time alt lat lon,,1,,integer,no_qc_performed element_appears_correct element_appears_incosistent_with_other_elements element_appears_doubtful element_appears_erroneous element_changed_possibly_to_missing_as_a_result_of_QC element_flagged_by_CM_as_correct_but_according_to_MQCS_still_appears_suspect_or_missing element_flagged_by_CM_as_changed_but_according_to_MQCS_still_appears_suspect reserved element_is_missing,,QC Flag - amount of pressure tendency,,,
,,QI17-IMMT_QC_SHIP_COURSE,char,station time,,0,9,blank,QC Flag - true direction of ship,0 1 2 3 4 5 6 7 8 9,,time alt lat lon,,1,,integer,no_qc_performed element_appears_correct element_appears_incosistent_with_other_elements element_appears_doubtful element_appears_erroneous element_changed_possibly_to_missing_as_a_result_of_QC element_flagged_by_CM_as_correct_but_according_to_MQCS_still_appears_suspect_or_missing element_flagged_by_CM_as_changed_but_according_to_MQCS_still_appears_suspect reserved element_is_missing,,QC Flag - true direction of ship,,,
,,QI18-IMMT_QC_SHIP_SPEED,char,station time,,0,9,blank,QC Flag - ship's average speed,0 1 2 3 4 5 6 7 8 9,,time alt lat lon,,1,,integer,no_qc_performed element_appears_correct element_appears_incosistent_with_other_elements element_appears_doubtful element_appears_erroneous element_changed_possibly_to_missing_as_a_result_of_QC element_flagged_by_CM_as_correct_but_according_to_MQCS_still_appears_suspect_or_missing element_flagged_by_CM_as_changed_but_according_to_MQCS_still_appears_suspect reserved element_is_missing,,QC Flag - ship's average speed,,,
,,QI19-IMMT_QC_WBT,char,station time,,0,9,blank,QC Flag - wet bulb temperature,0 1 2 3 4 5 6 7 8 9,,time alt lat lon,,1,,integer,no_qc_performed element_appears_correct element_appears_incosistent_with_other_elements element_appears_doubtful element_appears_erroneous element_changed_possibly_to_missing_as_a_result_of_QC element_flagged_by_CM_as_correct_but_according_to_MQCS_still_appears_suspect_or_missing element_flagged_by_CM_as_changed_but_according_to_MQCS_still_appears_suspect reserved element_is_missing,,QC Flag - wet bulb temperature,,,
,,QI20-IMMT_QC_SHIP_POS,char,station time,,0,9,blank,QC Flag - ship's position,0 1 2 3 4 5 6 7 8 9,,time alt lat lon,,1,,integer,no_qc_performed element_appears_correct element_appears_incosistent_with_other_elements element_appears_doubtful element_appears_erroneous element_changed_possibly_to_missing_as_a_result_of_QC element_flagged_by_CM_as_correct_but_according_to_MQCS_still_appears_suspect_or_missing element_flagged_by_CM_as_changed_but_according_to_MQCS_still_appears_suspect reserved element_is_missing,,QC Flag - ship's position,,,
,,QI21-MQCS_VER,char,station time,,0,9,blank,Version of Minimum QC Standards (MQCS),blank,,time alt lat lon,,1,,integer,,,Version of Minimum QC Standards (MQCS),,,
,QI22-IMMT_QC_SHIP_HEADING,HDG-SHIP_HEADING,char,station time,degrees,0,360,blank,Ship's Heading,blank,,time alt lat lon,,1,,integer,,,Ship's Heading - whole degrees (true North),,,
,QI23-IMMT_QC_COURSE_OVER_GROUND,COG-COURSE_OVER_GROUND,char,station time,degrees,0,360,blank,Ship's Course Over Ground,blank,,time alt lat lon,,1,,integer,,,Ship's course over ground - whole degrees (true North),,,
,QI24-IMMT_QC_SHIP_SPEED_OVER_GROUND,SOG-SPEED_OVER_GROUND,char,station time,knots,0,99,blank,Ship's Speed Over Ground,blank,,time alt lat lon,,1,,integer,,,Ship's speed over ground - whole knots,,,
,QI25-IMMT_QC_MAX_HT_SUM_LOAD,SLL-MAX_HT_SUM_LOAD,char,station time,meters,0,99,blank,Maximum Height of Cargo Above Max Summer Load Line,blank,,time alt lat lon,,1,,integer,,,Max height above Summer load line - whole meter,,,
,QI27-IMMT_QC_DEP_SUM_LOAD,SLHH-DEP_LOAD_IN,char,station time,meters,-99,99,blank,Departure from Maximum Height of Cargo Above Max Summer Load Line,blank,,time alt lat lon,,1,,integer,,,Departure of Summer load line from sea level,,,
,QI28-IMMT_QC_REL_WIND_DIR,RWD-REL_WIND_DIR,char,station time,degrees,1,362,blank,Relative Wind Direction,blank,,time alt lat lon,,1,,integer,,,Relative wind direction - whole degrees,,,
,QI29-IMMT_QC_REL_WIND_SPEED,RWS-REL_WIND_SPEED,char,station time,m/s,0,99.9,blank,Relative Wind Speed,blank,,time alt lat lon,,0.1,,double,,,Relative wind speed - whole knots or whole m/s per iw,,,
,,QI22-IMMT_QC_SHIP_HEADING,char,station time,,0,9,blank,QC Flag - ship's heading,blank,,time alt lat lon,,1,,integer,,,QC Flag - ship's heading,,,
,,QI23-IMMT_QC_COURSE_OVER_GROUND,char,station time,,0,9,blank,QC Flag - ship's course over ground,blank,,time alt lat lon,,1,,integer,,,QC Flag - ship's course over ground,,,
,,QI24-IMMT_QC_SHIP_SPEED_OVER_GROUND,char,station time,,0,9,blank,QC Flag - ship's speed over ground,blank,,time alt lat lon,,1,,integer,,,QC Flag - ship's speed over ground,,,
,,QI25-IMMT_QC_MAX_HT_SUM_LOAD,char,station time,,0,9,blank,QC Flag - summer load line,blank,,time alt lat lon,,1,,integer,,,QC Flag - summer load line,,,
,,QI26-NOT_USED,,,,,,blank,,blank,,,,,,,,,NOT USED,,,
,,QI27-IMMT_QC_DEP_SUM_LOAD,char,station time,,0,9,blank,QC Flag - departure from summer load line,blank,,time alt lat lon,,1,,integer,,,QC Flag - departure from summer load line,,,
,,QI28-IMMT_QC_REL_WIND_DIR,char,station time,,0,9,blank,QC Flag - relative wind direction,blank,,time alt lat lon,,1,,integer,,,QC Flag - relative wind direction,,,
,,QI29-IMMT_QC_REL_WIND_SPEED,char,station time,,0,9,blank,QC Flag - relative wind speed,blank,,time alt lat lon,,1,,integer,,,QC Flag - relative wind speed,,,
,RF-TRIMMING_FLAG_RH,RH-RH,char,station time,,0,100,blank,Relative Humidity,blank,,time alt lat lon,,0.1,,double,,,Relative humidity - tenths percentage,,,
,RF-TRIMMING_FLAG_RH,RHI-RH_IND,char,station time,,0,4,blank,Relative Humidity Indicator,blank,,time alt lat lon,,1,,integer,,,Relative humidity originally reported units,,,
,,AWSI-AWS_IND,char,station time,,0,2,blank,Automatic Weather Station Indicator,blank,,time alt lat lon,,1,,integer,,,Automated weather station indicator,,,
,,IMONO-IMO_NUM,char,station time,,0,9999999,blank,IMO Number,blank,,time alt lat lon,,1,,integer,,,IMO Number,,,
,,ATTI-ATTM_IND3,char,station time,,6,6,blank,Attachment Indicator 3,blank,,time alt lat lon,,1,,integer,,,ATTI=6 - Modqc attm,,,
,,ATTL-ATTM_LEN3,char,station time,,68,68,blank,Attachment Length 3,blank,,time alt lat lon,,1,,integer,,,ATTM Length = 68 Characters,,,
,,CCCC-CCCC,char,station time,,65,90,blank,Collecting Center,blank,,time alt lat lon,,1,,char,,,Collecting center,,,
,,BUID-BUID,char,station time,,48,57,blank,Bulletin ID,blank,,time alt lat lon,,1,,char,,,Bulletin ID,,,
,,FBSRC-FBSRC,char,station time,,0,0,blank,Feedback Source,blank,,time alt lat lon,,1,,integer,,,Feedback source (NWP; Reanalysis),,,
,,BMP-BMP,char,station time,hPa,870,1074.6,blank,Background Sea Level Pressure,blank,,time alt lat lon,,0.1,,double,,,Background SLP - tenth hPa,,,
,,BSWU-BSWU,char,station time,m/s,-99.9,99.9,blank,Background Wind U Component,blank,,time alt lat lon,,0.1,,double,,,Background wind U component - tenths m/s,,,
,,SWU-SWU,char,station time,m/s,-99.9,99.9,blank,Derived Wind U Component,blank,,time alt lat lon,,0.1,,double,,,Derived wind U component  - tenths m/s,,,
,,BSWV-BSWV,char,station time,m/s,-99.9,99.9,blank,Background Wind V Component,blank,,time alt lat lon,,0.1,,double,,,Background wind V component  - tenths m/s,,,
,,SWV-SWV,char,station time,m/s,-99.9,99.9,blank,Derived Wind V Component,blank,,time alt lat lon,,0.1,,double,,,Derived wind V component  - tenths m/s,,,
,,BSAT-BSAT,char,station time,celsius,-99.9,99.9,blank,Background Air Temperature,blank,,time alt lat lon,,0.1,,double,,,Background air temperature  - tenths celsius,,,
,,BSRH-BSRH,char,station time,%,0,100,blank,Background Relative Humidity,blank,,time alt lat lon,,1,,integer,,,Background relative humidity - whole percentage,,,
,,SRH-SRH,char,station time,%,0,100,blank,Derived Relative Humidity,blank,,time alt lat lon,,1,,integer,,,Derived relative humidity - whole percentage,,,
,,BSST-BSST,char,station time,celsius,-99.99,99.99,blank,Background SST,blank,,time alt lat lon,,0.01,,double,,,Background SST - hundredths celsius,,,
,,MST-MST,char,station time,,0,9,blank,Model Surface Type,blank,,time alt lat lon,,1,,integer,,,Model surface type (BUFR Table 008204),,,
,,MSH-MSH,char,station time,meters,-999,9999,blank,Model Surface Height,blank,,time alt lat lon,,1,,integer,,,Model surface height - whole meters,,,
,,BY-BY1,char,station time,,0,9999,blank,Background Year,blank,,time alt lat lon,,1,,integer,,,,,,
,,BM-BM1,char,station time,,1,12,blank,Background Month,blank,,time alt lat lon,,1,,integer,,,,,,
,,BD-BD1,char,station time,,1,31,blank,Background Day,blank,,time alt lat lon,,1,,integer,,,,,,
,,BH-BH1,char,station time,,0,23,blank,Background Hour,blank,,time alt lat lon,,1,,integer,,,,,,
,,BFL-BFL,char,station time,,0,99,blank,Time Period Displacement,blank,,time alt lat lon,,1,,integer,,,Time period or displacement - minutes,,,
,,ATTI-ATTM_IND4,char,station time,,7,7,blank,Attachment Indicator 4,blank,,time alt lat lon,,1,,integer,,,ATTI=7 - Meta-vos attm,,,
,,ATTL-ATTM_LEN4,char,station time,,58,58,blank,Attachment Length 4,blank,,time alt lat lon,,1,,integer,,,ATTM Length = 58 Characters,,,
,,MDS-META_SRC,char,station time,,0,1,blank,Metadata Source,blank,,time alt lat lon,,1,,integer,,,Metadata source (WMO; COAPS etc),,,
,,C1M-RECRUIT_COUNTRY,char,station time,,65,90,blank,Recruiting Country,blank,,time alt lat lon,,1,,char,,,Recruiting country,,,
,,OPM-SHIP_TYPE,char,station time,,0,99,blank,Ship Type,blank,,time alt lat lon,,1,,integer,,,Type of ship,,,
,,KOV-KIND_OF_VESSEL,char,station time,,32,126,blank,Kind of Vessel,blank,,time alt lat lon,,1,,char,,,Kind of vessel,,,
,,COR-COUNTRY_OF_REGISTER,char,station time,,65,90,blank,Country of Register,blank,,time alt lat lon,,1,,char,,,Country of registry,,,
,,TOB-BAR_TYPE,char,station time,,32,126,blank,Barometer Type,blank,,time alt lat lon,,1,,char,,,Type of barometer,,,
,,TOT-THERM_TYPE,char,station time,,32,126,blank,Thermometer Type,blank,,time alt lat lon,,1,,char,,,Type of thermometer,,,
,,EOT-THERM_EXPOSURE,char,station time,,32,126,blank,Thermometer Exposure,blank,,time alt lat lon,,1,,char,,,Exposure of thermometer,,,
,,LOT-SCREEN_LOCATION,char,station time,,32,126,blank,Screen Location,blank,,time alt lat lon,,1,,char,,,Screen location,,,
,,TOH-HYGRO_TYPE,char,station time,,32,126,blank,Hygrometer Type,blank,,time alt lat lon,,1,,char,,,Type of hygrometer,,,
,,EOH-HYGRO_EXPOSURE,char,station time,,32,126,blank,Hygrometer Exposure,blank,,time alt lat lon,,1,,char,,,Exposure of hygrometer,,,
,,SIM-SST_METHOD,char,station time,,32,126,blank,SST Method,blank,,time alt lat lon,,1,,char,,,SST measurement method,,,
,,LOV-VESSEL_LENGTH,char,station time,meters,0,999,blank,Vessel Length,blank,,time alt lat lon,,1,,integer,,,Length of vessel,,,
,,DOS-SST_DEPTH,char,station time,meters,0,99,blank,SST Depth,blank,,time alt lat lon,,1,,integer,,,Depth of sst measurement,,,
,,HOP-HGT_VISUAL_OBS_PLATFORM,char,station time,meters,0,999,blank,Height of Visual Observation Platform,blank,,time alt lat lon,,1,,integer,,,Height of visual observation platform,,,
,,HOT-HGT_AT_SENSOR,char,station time,meters,0,999,blank,Height of Air Temperature Sensor,blank,,time alt lat lon,,1,,integer,,,Height of air temperature sensor,,,
,,HOB-HGT_BAR,char,station time,meters,0,999,blank,Height of Barometer,blank,,time alt lat lon,,1,,integer,,,Height of barometer,,,
,,HOA-HGT_ANEMOMETER,char,station time,meters,0,999,blank,Height of Anemometer,blank,,time alt lat lon,,1,,integer,,,Height of anemometer,,,
,,SMF-SRC_META_FILE,char,station time,,0,99999,blank,Source Metadata File,blank,,time alt lat lon,,1,,integer,,,Source metadata file,,,
,,SME-SRC_META_ELEMENT,char,station time,,0,99999,blank,Source Metadata Element,blank,,time alt lat lon,,1,,integer,,,Source metadata element,,,
,,SMV-SRC_FORMAT_VER,char,station time,,0,99,blank,Source Metadata Format Version,blank,,time alt lat lon,,1,,integer,,,Source format version,,,
,,ATTI-ATTM_IND5,char,station time,,8,8,blank,Attachment Indicator 5,blank,,time alt lat lon,,1,,integer,,,ATTI=8 - Nocn attm,,,
,,ATTL-ATTM_LEN5,char,station time,,102,102,blank,Attachment Length 5,blank,,time alt lat lon,,1,,integer,,,ATTM Length = 102 Characters,,,
,,OTV-SST2,char,station time,celsius,-3,38.999,blank,SST 2,blank,,time alt lat lon,,0.001,,double,,sea_water_temperature,Nocn Sea surface temperature - thousandths degree celsius,,,Oceans > Ocean Temperature > Water Temperature 
,,OTZ-SST_DEPTH2,char,station time,meters,0,99.99,blank,SST Depth 2,blank,,time alt lat lon,,0.01,,double,,,Nocn SST depth - hundredths meter,,,
,,OSV-SALINITY,char,station time,1.00E-03,0,40.999,blank,Salinity,blank,,time alt lat lon,,0.001,,double,,sea_water_salinity,Nocn Salinity -unitless,,,Oceans > Salinity/Density > Salinity 
,,OSZ-SALINITY_DEPTH,char,station time,meters,0,99.99,blank,Salinity Depth,blank,,time alt lat lon,,0.01,,double,,,Nocn Salinity depth - hundredths meter,,,
,,OOV-DIS_OXYGEN,char,station time,milliliters/liter,0,12.99,blank,Dissolved Oxygen,blank,,time alt lat lon,,0.01,,double,,volume_fraction_of_oxygen_in_sea_water,Nocn Dissolved oxygen - hundredths milliliter/liter,,,Oceans > Ocean Chemistry > Oxygen
,,OOZ-DIS_OXYGEN_DEPTH,char,station time,meters,0,99.99,blank,Dissolved Oxygen Depth,blank,,time alt lat lon,,0.01,,double,,,Nocn Dissolved oxygen depth - hundredths meter,,,
,,OPV-PHOSPHATE,char,station time,micromole/liter,0,30.99,blank,Phosphate,blank,,time alt lat lon,,0.01,,double,,mole_concentration_of_phosphate_in_sea_water,Nocn Phosphate - micromole/liter,,,Oceans > Ocean Chemistry > Phosphate 
,,OPZ-PHOSPHATE_DEPTH,char,station time,meters,0,99.99,blank,Phosphate Depth,blank,,time alt lat lon,,0.01,,double,,,Nocn Phosphate depth - hundredths meter,,,
,,OSIV-SILICATE,char,station time,micromole/liter,0,250.99,blank,Silicate,blank,,time alt lat lon,,0.01,,double,,mole_concentration_of_silicate_in_sea_water,Nocn Silicate - hundredths micromole/liter,,,Oceans > Ocean Chemistry > Silicate
,,OSIZ-SILICATE_DEPTH,char,station time,meters,0,99.99,blank,Silicated Depth,blank,,time alt lat lon,,0.01,,double,,,Nocn Silicate depth - hundredths meter,,,
,,ONV-NITRATE,char,station time,micromole/liter,0,500.99,blank,Nitrate,blank,,time alt lat lon,,0.01,,double,,mole_concentration_of_nitrate_in_sea_water,Nocn Nitrate - hundredths micromole/liter,,,Oceans > Ocean Chemistry > Nitrate
,,ONZ-NITRATE_DEPTH,char,station time,meters,0,99.99,blank,Nitrate Depth,blank,,time alt lat lon,,0.01,,double,,,Nocn Nitrate depth - hundredths meter,,,
,,OPHV-PH,char,station time,1,6.2,9.2,blank,PH,blank,,time alt lat lon,,0.01,,double,,sea_water_ph_reported_on_total_scale,Nocn PH - unitless,,,Oceans > Ocean Chemistry > pH 
,,OPHZ-PH_DEPTH,char,station time,meters,0,99.99,blank,PH Depth,blank,,time alt lat lon,,0.01,,double,,,Nocn PH depth - hundredths meter,,,
,,OCV-TTL_CHLORO,char,station time,micrograms/liter,0,50.99,blank,Total Chlorophyll,blank,,time alt lat lon,,0.01,,double,,mass_concentration_of_chlorophyll_in_sea_water,Nocn total chlorophyll - hundredths microgram/liter,,,
,,OCZ-TTL_CHLORO_DEPTH,char,station time,meters,0,99.99,blank,Total Chlorophyll Depth,blank,,time alt lat lon,,0.01,,double,,,Nocn total chlorophyll depth - hundredths meter,,,Oceans > Ocean Chemistry > Chlorophyll 
,,OAV-ALKALINITY,char,station time,millequivalent/liter,0,3.1,blank,Alkalinity,blank,,time alt lat lon,,0.01,,double,,sea_water_alkalinity_expressed_as_mole_equivalent,Nocn Alkalinity - tenth millequivalent/liter,,,
,,OAZ-ALKALINITY_DEPTH,char,station time,meters,0,99.99,blank,Alkalinity Depth,blank,,time alt lat lon,,0.01,,double,,,Nocn Alkalinity depth - hundredths meter,,,Oceans > Ocean Chemistry > Alkalinity
,,OPCV-PP_CO2,char,station time,microatmosphere,0,999,blank,Partial Pressure of Carbon Dioxide,blank,,time alt lat lon,,0.1,,double,,surface_carbon_dioxide_partial_pressure_difference_between_air_and_sea_water,Nocn Partial pressure of CO2 - tenth microatmosphere,,,Atmosphere > Atmospheric Chemistry > Carbon and Hydrocarbon Compounds > Carbon Dioxide 
,,OPCZ-PP_CO2_DEPTH,char,station time,meters,0,99.99,blank,Partial Pressure of Carbon Dioxide Depth,blank,,time alt lat lon,,0.01,,double,,, Nocn Partial pressure of CO2 depth - hundredths meter,,,
,,ODV-DIS_ORG_CARBON,char,station time,millimole/liter,0,4,blank,Dissolved Inorganic Carbon,blank,,time alt lat lon,,0.1,,double,,mole_concentration_of_dissolved_inorganic_carbon_in_sea_water,Nocn Dissolved inorganic carbon - tenths millimole/liter,,,Oceans > Ocean Chemistry > Inorganic Carbon 
,,ODZ-DIS_ORG_CARBON_DEPTH,char,station time,meters,0,99.99,blank,Dissolved Inorganic Carbon Depth,blank,,time alt lat lon,,0.01,,double,,,Nocn Dissolved inorganic carbon depth - hundredths meter,,,
,,PUID-PROVIDER_UID,char,station time,,48,57,blank,Provider's Unique Record Identification,blank,,time alt lat lon,,1,,char,,,Unique ID from original source data,,,
,,ATTI-ATTM_IND6,char,station time,,9,9,blank,Attachment Indicator 6,blank,,time alt lat lon,,1,,integer,,,ATTI=9 - Ecr attm,,,
,,ATTL-ATTM_LEN6,char,station time,,32,32,blank,Attachment Length 6,blank,,time alt lat lon,,1,,integer,,,ATTM Length = 32 Characters,,,
,,CCE-CHANGE_CODE,char,station time,,0,13,blank,Change Code,blank,,time alt lat lon,,1,,integer,,,Ecr change code - IMMA Table C9b,,,
,,WWE-PRES_WX_ECR,char,station time,,0,99,blank,Extended Cloud Reconstructions Present Weather,blank,,time alt lat lon,,1,,integer,,,Ecr present weather,,,
,,NE-TTL_CLD_AMT_ECR,char,station time,,0,8,blank,Extended Cloud Reconstructions Total Cloud Amount,blank,,time alt lat lon,,1,,integer,,cloud_area_fraction,Ecr total cloud amount,,,Atmosphere > Clouds > Cloud Amount/Frequency 
,,NHE-LOW_CLD_AMT_ECR,char,station time,,0,8,blank,Extended Cloud Reconstructions Low Cloud Amount,blank,,time alt lat lon,,1,,integer,,low_type_cloud_area_fraction,Ecr low cloud amount,,,Atmosphere > Clouds > Cloud Amount/Frequency 
,,HE-LOW_CLD_HGT_ECR,char,station time,m,0,9,blank,Extended Cloud Reconstructions Low Cloud Height,blank,,time alt lat lon,,1,,integer,,cloud_base_altitude,Ecr low cloud height,,,Atmosphere > Clouds > Cloud Base 
,,CLE-LOW_CLD_TYPE_ECR,char,station time,,0,11,blank,Extended Cloud Reconstructions Low Cloud Type,blank,,time alt lat lon,,1,,integer,,,Ecr low cloud type,,,
,,CME-MID_CLD_TYPE_ECR,char,station time,,0,12,blank,Extended Cloud Reconstructions Middle Cloud Type,blank,,time alt lat lon,,1,,integer,,,Ecr mid cloud type,,,
,,CHE-HI_CLD_TYPE_ECR,char,station time,,0,9,blank,Extended Cloud Reconstructions High Cloud Type,blank,,time alt lat lon,,1,,integer,,,Ecr high cloud type,,,
,,AM-MID_CLD_AMT_ECR,char,station time,oktas,0,8,blank,Extended Cloud Reconstructions Middle Cloud Amount,blank,,time alt lat lon,,0.01,,double,,,Ecr mid cloud amount - hundredths oktas,,,
,,AH-HI_CLD_AMT_ECR,char,station time,oktas,0,8,blank,Extended Cloud Reconstructions High Cloud Amount,blank,,time alt lat lon,,0.01,,double,,,Ecr high cloud amount - hundredths oktas,,,
,,UM-NOL_MID_AMT_ECR,char,station time,oktas,0,8,blank,Extended Cloud Reconstructions NOL Middle Cloud Amount,blank,,time alt lat lon,,1,,integer,,,Ecr NOL mid cloud amount - whole oktas,,,
,,UH-NOL_HIGH_AMT_ECR,char,station time,oktas,0,8,blank,Extended Cloud Reconstructions NOL High Cloud Amount,blank,,time alt lat lon,,1,,integer,,,Ecr NOL high cloud amount - whole oktas,,,
,,SBI-SKY_BRIGHT_IND,char,station time,,0,1,blank,Sky Brightness Indicator,blank,,time alt lat lon,,1,,integer,,,Ecr sky brightness indicator,,,
,,SA-SOLAR_ALT,char,station time,degrees,-90,90,blank,Solar Altitude,blank,,time alt lat lon,,0.1,,double,,,Ecr solar altitude - tenths degrees,,,
,,RI-REL_LUNAR_ILLUM,char,station time,,-1.1,1.17,blank,Relative Lunar Illuminance,blank,,time alt lat lon,,0.01,,double,,,Ecr realtive lunar illuminance - hundredths,,,
,,ATTI-ATTM_IND7,char,station time,,96,96,blank,Attachment Indicator 7,blank,,time alt lat lon,,1,,integer,,,ATTI=96 - Ivad attm,,,
,,ATTL-ATTM_LEN7,char,station time,,48,48,blank,Attachment Length 7,blank,,time alt lat lon,,1,,integer,,,ATTM Length = 48 Characters,,,
,,ICNI-INPUT_COMP_NUM,char,station time,,0,99,blank,Input Component Number,blank,,time alt lat lon,,1,,integer,,,Ivad Input component number,,,
,,FNI-FIELD_NUM,char,station time,,1,99,blank,Field Number,blank,,time alt lat lon,,1,,integer,,,IMMA field number of value being adjusted,,,
,,JVAD-VAD_SCALE_FACTOR,char,station time,,1,35,blank,Value-Added Data Scale Factor,blank,,time alt lat lon,,1,,char,,,Scaling factor for value-added data,,,
,,VAD-VALUE_ADDED,char,station time,,-99999,999999,blank,Value-Added Data,blank,,time alt lat lon,,1,,double,,,Value-added data (VAD) value,,,
,,IVAU1-TYPE_IND_VAU1,char,station time,,1,35,blank,Type Indicator for VAU1,blank,,time alt lat lon,,1,,char,,,Adjustment Type Indicator for VAU1,,,
,,JVAU1-VAU1_SCALE_FACTOR,char,station time,,1,35,blank,Scaling Factor for VAU1,blank,,time alt lat lon,,1,,char,,,Scale factor for VAU1,,,
,,VAU1-UNCERT_TYPE_IVAU1,char,station time,,-99999,999999,blank,Uncertainty Type for VAU1,blank,,time alt lat lon,,1,,char,,,Uncertainty type for VAU1,,,
,,IVAU2-TYPE_IND_VAU2,char,station time,,1,35,blank,Type Indicator for VAU2,blank,,time alt lat lon,,1,,char,,,Adjustment Type Indicator for VAU2,,,
,,JVAU2-VAU2_SCALE_FACTOR,char,station time,,1,35,blank,Scaling Factor for VAU2,blank,,time alt lat lon,,1,,char,,,Scale factor for VAU2,,,
,,VAU2-UNCERT_TYPE_IVAU2,char,station time,,-99999,999999,blank,Uncertainty Type for VAU2,blank,,time alt lat lon,,1,,char,,,Uncertainty type for VAU2,,,
,,IVAU3-TYPE_IND_VAU3,char,station time,,1,35,blank,Type Indicator for VAU3,blank,,time alt lat lon,,1,,char,,,Adjustment Type Indicator for VAU3,,,
,,JVAU3-VAU3_SCALE_FACTOR,char,station time,,1,35,blank,Scaling Factor for VAU3,blank,,time alt lat lon,,1,,char,,,Scale factor for VAU3,,,
,,VAU3-UNCERT_TYPE_IVAU3,char,station time,,-99999,999999,blank,Uncertainty Type for VAU3,blank,,time alt lat lon,,1,,char,,,Uncertainty type for VAU3,,,
,,VQC-VAD_QC,char,station time,,1,4,blank 1 2 3 4 9,Value-Added Data QC Flag,blank,,time alt lat lon,,1,,integer,,,Value-added data QC Flag (IMMA Table C96a),,,
,,ARCI-AUTH_REF_CODE_IVAD,char,station time,,48,57,blank,Author Reference Code,blank,,time alt lat lon,,1,,char,,,Author reference code (peer reviewed pub etc describing methodologies applied,,,
,,CDNI-CREATE_DAY_NUM_IVAD,char,station time,,0,46655,blank,Creation Day Number,blank,,time alt lat lon,,1,,char,,,Creation day number beginning at 1 January 2014,,,
,,ASII-ACCESS_STATUS_IND_IVAD,char,station time,,0,1,blank,Access Status Indicator,blank,,time alt lat lon,,1,,integer,,,Acces status indicator,,,
,,ATTI-ATTM_IND8,char,station time,,97,97,blank,Attachment Indicator 8,blank,,time alt lat lon,,1,,integer,,,ATTM=97 - Error attm,,,
,,ATTL-ATTM_LEN8,char,station time,,18,18,blank,Attachment Length 8,blank,,time alt lat lon,,1,,integer,,,ATTM Length = variable (inherited from the referenced field configuration),,,
,,ICNE-INPUT_COMP_NUM_ERR,char,station time,,0,99,blank,Input Component Number - Error,blank,,time alt lat lon,,1,,integer,,,Error - Input Component number,,,
,,FNE-FIELD_NUM_ERR,char,station time,,1,99,blank,Field Number - Error,blank,,time alt lat lon,,1,,integer,,,Error - Field Number,,,
,,CEF-CORR_ERROR_FLAG,char,station time,,0,1,blank,Corrected/Erroneous Field Flag,blank,,time alt lat lon,,1,,integer,,,Error - Corrected/Erroneous field flag,,,
,,ERRD-CORR_ERROR_VALUE,char,station time,,-999999,-999999,blank,Corrected/Erroneous Field Value,blank,,time alt lat lon,,1,,integer,,,Error - Corrected/Erroneous field value,,,
,,ARCE-AUTH_REF_CODE_ERR,char,station time,,48,57,blank,Author Reference Code - Error,blank,,time alt lat lon,,1,,char,,,Error - Author reference code,,,
,,CDNE-CREATE_DAY_NUM_ERR,char,station time,,0,46655,blank,Creation Day Number - Error,blank,,time alt lat lon,,1,,char,,,Error - Create day number beginning  at 1 January 2014,,,
,,ASIE-ACCESS_STATUS_IND_ERR,char,station time,,0,1,blank,Access Status Indicator - Error,blank,,time alt lat lon,,1,,integer,,,Error - Access status indicator,,,
,,ATTI-ATTM_IND9,char,station time,,98,98,blank,Attachment Indicator 9,blank,,time alt lat lon,,1,,integer,,,ATTI=98 - Uid attm,,,
,,ATTL-ATTM_LEN9,char,station time,,15,15,blank,Attachment Length 9,blank,,time alt lat lon,,1,,integer,,,ATTM LENGTH = variable (inherited from the referenced field configuration,,,
,,UID-UNIQUE_ID,char,station time,,48,57,blank,Unique Report ID,blank,,time alt lat lon,,1,,char,,,Unique report ID ,,,
,,RN1-RELEASE_NUM_PRIMARY,char,station time,,0,35,blank,Release Number Primary,blank,,time alt lat lon,,1,,char,,,Release number primary (e.g R2.5.1: primary = 2),,,
,,RN2-RELEASE_NUM_SECONDARY,char,station time,,0,35,blank,Release Number Secondary,blank,,time alt lat lon,,1,,char,,,Release number secondary (e.g R2.5.1: secondary = 5),,,
,,RN3-RELEASE_NUM_TERTIARY,char,station time,,0,35,blank,Release Number Tertiary,blank,,time alt lat lon,,1,,char,,,Release number tertiary (e.g. R2.5.1: tertiary = 1),,,
,,RSA-RELEASE_STATUS_IND,char,station time,,0,2,blank,Release Status Indicator,blank,,time alt lat lon,,1,,integer,,,Release status indicator,,,
,,IRF-INTERMEDIATE_REJECT_FLAG,char,station time,,0,1,blank,Intermediate Reject Flag,blank,,time alt lat lon,,1,,integer,,,Intermediate product rejection flag,,,
,,ATTI-ATTM_IND10,char,station time,,99,99,blank,Attachment Indicator 10,blank,,time alt lat lon,,1,,integer,,,ATTM=99 - Supp attm (Original raw input record),,,
,,ATTL-ATTM_LEN10,char,station time,,0,0,blank,Attachment Length 10,blank,,time alt lat lon,,1,,integer,,,ATTM Length = 0 (but value is actually variable in length based on original input record),,,
,,ATTE-ATTM_ENC,char,station time,,0,1,blank,Attachment Encoding,blank,,time alt lat lon,,1,,integer,,,ATTM Encoding = missing; not currently used,,,
,,SUPD-SUPPLEMENTAL_DATA,char,station time,,32,126,blank,Supplemental Data,blank,,time alt lat lon,,1,,char,,,Original input record used to construct IMMA record,,,
